Cities,City name,Views,Watch time (hours),Average view duration
0x89c24fa5d33f083b:0xc80b8f06e177fe62,"New York, NY, USA",2015694,387296.1399,0:11:31
0x80c2c75ddc27da13:0xe22fdf6f254608f4,"Los Angeles, CA, USA",1465810,234084.944,0:09:34
0x47d8a00baf21de75:0x52963a5addd52a99,"London, UK",1185761,178376.3705,0:09:01
0x880e2c3cd0f4cbed:0xafe0a6ad09c0c000,"Chicago, IL, USA",818563,111275.5695,0:08:09
0x5490102c93e83355:0x102565466944d59a,"Seattle, WA, USA",680244,95010.654,0:08:22
0x8640b8b4488d8501:0xca0d02def365053b,"Houston, TX, USA",637156,93166.5194,0:08:46
0x864c19f77b45974b:0xb9ec9ba4f647678f,"Dallas, TX, USA",573189,66391.6286,0:06:56
0x80c8c45e5468d0ed:0xf98463eab8414b62,"Las Vegas, NV, USA",555535,97664.5231,0:10:32
0x6b129838f39a743f:0x3017d681632a850,"Sydney NSW, Australia",515262,64706.422,0:07:32
0x872b12ed50a179cb:0x8c69c7f8354a1bac,"Phoenix, AZ, USA",468822,57451.4424,0:07:21
0x6ad646b5d2ba4df7:0x4045675218ccd90,"Melbourne VIC, Australia",408279,52168.8185,0:07:39
0x80d9530fad921e4b:0xd3a21fdfd15df79,"San Diego, CA, USA",385184,52223.5728,0:08:08
0x89c6b7d8d4b54beb:0x89f514d88c3e58c1,"Philadelphia, PA, USA",372409,65432.3001,0:10:32
0x89d4cb90d7c63ba5:0x323555502ab4c477,"Toronto, ON, Canada",368167,50357.2773,0:08:12
0x80859a6d00690021:0x4a501367f076adff,"San Francisco, CA, USA",358452,47030.7597,0:07:52
0x88f5045d6993098d:0x66fede2f990b630b,"Atlanta, GA, USA",357967,41328.3324,0:06:55
0x876b80aa231f17cf:0x118ef4f8278a36d6,"Denver, CO, USA",347701,36468.9404,0:06:17
0x6b91579aac93d233:0x402a35af3deaf40,"Brisbane QLD, Australia",305747,35071.1979,0:06:52
0x8644b599a0cc032f:0x5d9b464bd469d57a,"Austin, TX, USA",303947,28611.5388,0:05:38
0x1dcc500f8826eed7:0x687fe1fc2828aa87,"Cape Town, South Africa",299635,62862.278,0:12:35
0x808fcae48af93ff5:0xb99d8c0aca9f717b,"San Jose, CA, USA",295725,42251.1959,0:08:34
0x3bae1670c9b44e6d:0xf8dfc3e8517e4fe0,"Bengaluru, Karnataka, India",258381,6801.9612,0:01:34
0x809ac672b28397f9:0x921f6aaa74197fdb,"Sacramento, CA, USA",255639,25601.0571,0:06:00
0x48670e80ea27ac2f:0xa00c7a9973171a0,"Dublin, Ireland",238782,36338.1243,0:09:07
0x865c58af04d00eaf:0x856e13b10a016bc,"San Antonio, TX, USA",236193,31068.8274,0:07:53
0x88541fc4fc381a81:0x884650e6bf43d164,"Charlotte, NC, USA",234028,33206.4676,0:08:30
0x89e3652d0d3d311b:0x787cbf240162e8a0,"Boston, MA, USA",225942,24804.6674,0:06:35
0x54950b0b7da97427:0x1c36b9e6f6d18591,"Portland, OR, USA",218295,26485.4981,0:07:16
0x88e773d8fecdbc77:0xac3b2063ca5bf9e,"Orlando, FL, USA",200832,20270.1101,0:06:03
0x1e95619cbec65033:0xf66262b07a847b4c,"Pretoria, South Africa",197575,45213.3123,0:13:43
0x52b333909377bbbd:0x939fc9842f7aee07,"Minneapolis, MN, USA",197522,21007.2294,0:06:22
0x4870942d1b417173:0xca81fef0aeee7998,"Birmingham, UK",194549,30905.1298,0:09:31
0x8824ca0110cb1d75:0x5776864e35b9c4d2,"Detroit, MI, USA",186896,25465.4349,0:08:10
0x31da1767b42b8ec9:0x400f7acaedaa420,Singapore,181675,21679.8207,0:07:09
0x88d9b0a20ec8c111:0xff96f271ddad4f65,"Miami, FL, USA",180932,20522.8953,0:06:48
0x2a32966cdb47733d:0x304f0b535df55d0,"Perth WA, Australia",177221,22940.3669,0:07:46
0x8864ec3213eb903d:0x7d3fb9d0a1e9daa0,"Nashville, TN, USA",173520,15517.1882,0:05:21
0x89c803aed6f483b7:0x44896a84223e758,"Baltimore, MD, USA",166195,26881.8927,0:09:42
0x886b50ffa7796a03:0xd68e9df640b9ea7c,"Indianapolis, IN, USA",166003,20241.4153,0:07:18
0x883889c1b990de71:0xe43266f8cfb1b533,"Columbus, OH, USA",159897,21660.3168,0:08:07
0x88e5b716f1ceafeb:0xc4cd7d3896fcc7e2,"Jacksonville, FL, USA",150159,26074.5831,0:10:25
0x88c2b782b3b9d1e1:0xa75f1389af96b463,"Tampa, FL, USA",149432,14621.3712,0:05:52
0x3be7c6306644edc1:0x5da4ed8f8d648c69,"Mumbai, Maharashtra, India",138761,4249.6374,0:01:50
0x87c0f75eafe99997:0x558525e66aaa51a2,"Kansas City, MO, USA",134442,15129.6686,0:06:45
0x89ac5a2f9f51e0f7:0x6790b6528a11f0ad,"Raleigh, NC, USA",131393,10144.0389,0:04:37
0x87523d9488d131ed:0x5b53b7a0484d31ca,"Salt Lake City, UT, USA",130439,9179.0848,0:04:13
0x7c00183b8cc3464d:0x4b28f55ff3a7976c,"Honolulu, HI, USA",128027,16908.4799,0:07:55
0x537170039f843fd5:0x266d3bb1b652b63a,"Calgary, AB, Canada",127805,13975.807,0:06:33
0x87ad8a547ef8d281:0x33a21274d14f3a9d,"Oklahoma City, OK, USA",126119,14219.3493,0:06:45
0x6d0d47fb5a9ce6fb:0x500ef6143a29917,"Auckland, New Zealand",124482,18384.839,0:08:51
0x3bcb99daeaebd2c7:0xae93b78392bafbc2,"Hyderabad, Telangana, India",123655,2308.4839,0:01:07
0x390d047309fff32f:0xfc5606ed1b5d46c3,"Delhi, India",112349,1978.0957,0:01:03
0x89b7c6de5af6e45b:0xc2524522d4885d2a,"Washington, DC, USA",108951,11992.5364,0:06:36
0x87d8b4a9faed8ef9:0xbe39eaca22bbe05b,"St. Louis, MO, USA",107328,10023.254,0:05:36
0x6ab735c7c526b33f:0x4033654628ec640,"Adelaide SA, Australia",97322,10784.8962,0:06:38
0x8830ef2ee3686b2d:0xed04cb55f7621842,"Cleveland, OH, USA",94497,10606.7071,0:06:44
0x3bc2bf2e67461101:0x828d43bf9d9ee343,"Pune, Maharashtra, India",94275,1332.5732,0:00:50
0x87220addd309837b:0xc0d3f8ceb8d9f6fd,"Albuquerque, NM, USA",91796,11216.8346,0:07:19
0x3e5f43496ad9c645:0xbde66e5084295162,Dubai - United Arab Emirates,91059,10079.5342,0:06:38
0x3a5265ea4f7d3361:0x6e61a70b6863d433,"Chennai, Tamil Nadu, India",89854,1420.5534,0:00:56
0x864e6e122dc807ad:0xa4af8bf8dd69acbd,"Fort Worth, TX, USA",89764,11508.8827,0:07:41
0x888911df5885bfd3:0x25507409eaba54ce,"Birmingham, AL, USA",88964,6752.7108,0:04:33
0x4cc91a541c64b70d:0x654e3138211fefef,"Montreal, QC, Canada",84915,7532.0618,0:05:19
0x487a4d4c5226f5db:0xd9be143804fe6baa,"Manchester, UK",84327,13480.3082,0:09:35
0x87938dc8b50cfced:0x46424d4fae37b604,"Omaha, NE, USA",83061,5341.294,0:03:51
0x88690b1ab35bd511:0xd4d3b4282071fd32,"Louisville, KY, USA",73224,10049.2697,0:08:14
0x884051b1de3821f9:0x69fb7e8be4c09317,"Cincinnati, OH, USA",72840,5893.0684,0:04:51
0x487adf8a647060b7:0x42dc046f3f176e01,"Liverpool, UK",72192,11194.2698,0:09:18
0x8620a454b2118265:0xdb065be85e22d3b4,"New Orleans, LA, USA",71861,4835.5877,0:04:02
0x89bac1e8fc1527a7:0x4161080a32e0173,"Virginia Beach, VA, USA",71434,5876.2085,0:04:56
0x8834f16f48068503:0x8df915a15aa21b34,"Pittsburgh, PA, USA",70234,7227.5421,0:06:10
0x53a0224580deff23:0x411fa00c4af6155d,"Edmonton, AB, Canada",69251,7263.4938,0:06:17
0x548673f143a94fb3:0xbb9196ea9b81f38b,"Vancouver, BC, Canada",69077,5320.8663,0:04:37
0x182f1172d84d49a7:0xf7cf0254b297924c,"Nairobi, Kenya",66673,12873.2795,0:11:35
0x4cce05b25f5113af:0x8a6a51e131dd15ed,"Ottawa, ON, Canada",64492,6761.5633,0:06:17
0x488815562056ceeb:0x71e683b805ef511e,"Glasgow, UK",63529,9219.7389,0:08:42
0x86e73f8bc5fe3b69:0xe39184e3ab9d0222,"El Paso, TX, USA",63498,5854.7928,0:05:31
0x1e950c68f0406a51:0x238ac9d9b1d34041,"Johannesburg, South Africa",62435,11923.7958,0:11:27
0x80945de1549e4e9d:0x7b12406449a3b811,"Fresno, CA, USA",58799,7539.1383,0:07:41
0x31cc49c701efeae7:0xf4d98e5b2f1c287d,"Kuala Lumpur, Federal Territory of Kuala Lumpur, Malaysia",58764,1568.6687,0:01:36
0x86d665410b2ced2b:0x73c32d384d16c715,"Tucson, AZ, USA",57202,7273.208,0:07:37
0x1e95a6b1e2746071:0x3a0838c21e9e6ddf,"Soweto, South Africa",55578,14512.2333,0:15:40
0x4887b800a5982623:0x64f2147b7ce71727,"Edinburgh, UK",55489,6805.6914,0:07:21
0x80dcd6f98055e867:0x1ab89ab9a2bb160,"Anaheim, CA, USA",54420,5255.0771,0:05:47
0x48793e4ada64bd99:0x51adbafd0213dca9,"Leeds, UK",54413,8330.6896,0:09:11
0x880502d7578b47e7:0x445f1922b5417b84,"Milwaukee, WI, USA",52657,8575.1291,0:09:46
0x80dca6df7ff47dbb:0xf7a1d705135e0ae8,"Riverside, CA, USA",51724,4523.4556,0:05:14
0x89d3126152dfe5a1:0x982304a5181f8171,"Buffalo, NY, USA",51688,4222.7107,0:04:54
0x8713412ea1e6d22b:0x418eeb92f5e86b13,"Colorado Springs, CO, USA",50068,5091.7898,0:06:06
0x872ba7c2c0c592c1:0xd10fc215694e771b,"Mesa, AZ, USA",48230,5344.9332,0:06:38
0x3b080d514abec6bf:0xbd582caa5844192,"Kochi, Kerala, India",45783,516.7503,0:00:40
0x87d57e1eea439745:0xd193f315601ab6fe,"Memphis, TN, USA",45151,9874.2141,0:13:07
0x80c2cae84099d759:0xa1003afac42a8faa,"Long Beach, CA, USA",44431,6656.0206,0:08:59
0x465f763119640bcb:0xa80d27d3679d7766,"Stockholm, Sweden",43109,2800.6222,0:03:53
0x3397ba0942ef7375:0x4a9a32d9fe083d40,"Quezon City, Metro Manila, Philippines",42979,2003.3014,0:02:47
0x889a4e1df14cf8a9:0x4ce80e5477899e1a,"Mobile, AL, USA",42784,6325.7043,0:08:52
0x87d2a134a11f569b:0x3405f5100df35b17,"Little Rock, AR, USA",42533,2864.4014,0:04:02
0x52ea73fbf91a2b11:0x2b2a1afac6b9ca64,"Winnipeg, MB, Canada",41198,3587.5025,0:05:13
0x80ea6bc8b994cb0d:0x59360c0998fe74c8,"Bakersfield, CA, USA",40613,4614.5483,0:06:49
0x87c08ce427cf3515:0xdc77777b70c31e05,"Kansas City, KS, USA",40111,2071.421,0:03:05
0x3eb33e06651d4bbf:0x9cf92f44555a0c23,"Karachi, Karachi City, Sindh, Pakistan",39308,2300.953,0:03:30
0x88185460bb502815:0xa593aacb1bd3a8d0,"Grand Rapids, MI, USA",38653,2144.9904,0:03:19
0x882b469fe76b05b7:0x3146cbed75966db,"Mississauga, ON, Canada",38556,3814.7396,0:05:56
0x4871836681b3d861:0x8ee4b22e4b9ad71f,"Bristol, UK",37805,5194.4085,0:08:14
0x47a84e373f035901:0x42120465b5e3b70,"Berlin, Germany",37306,910.255,0:01:27
0x48790aa9fae8be15:0x3e2827f5af06b078,"Sheffield, UK",37038,5663.4138,0:09:10
0x47c63fb5949a7755:0x6600fd4cb7c0af8d,"Amsterdam, Netherlands",36636,1396.619,0:02:17
0x39f882db4908f667:0x43e330e68f6c2cbc,"Kolkata, West Bengal, India",36600,463.3527,0:00:45
0x882b15eaa5d05abf:0x352d31667cc38677,"Brampton, ON, Canada",35181,3541.0561,0:06:02
0x2e69f3e945e34b9d:0x5371bf0fdad786a2,"Jakarta, Indonesia",34766,635.6687,0:01:05
0x399bfd991f32b16b:0x93ccba8909978be7,"Lucknow, Uttar Pradesh, India",34752,388.1034,0:00:40
0x80900d737b442181:0x5876f5d1044fcbd8,"Stockton, CA, USA",34647,4869.7474,0:08:25
0x487742ab49b76c73:0x9a151d2a6fb49cb8,"Leicester, UK",33813,5004.8072,0:08:52
0x395e848aba5bd449:0x4fcedd11614f6516,"Ahmedabad, Gujarat, India",32855,435.7724,0:00:47
0x4652533c5c803d23:0x4dd7edde69467b8,"Copenhagen, Denmark",32754,2284.9632,0:04:11
0x89b615f166fcc957:0x9da316eb11e3d5b,"Ashburn, VA, USA",32408,2964.6467,0:05:29
0x3403fefda2ea2807:0x486db43574f494da,Hong Kong,32387,2060.0911,0:03:48
0x56c8917604b33f41:0x257dba5aa78468e3,"Anchorage, AK, USA",32344,3321.6982,0:06:09
0x375a5a287f9133ff:0x2bbd1332436bde32,"Guwahati, Assam, India",32010,390.4064,0:00:43
0x876c588622ba2b9b:0x8441e0688ba2e678,"Aurora, CO, USA",31818,3057.0475,0:05:45
0x80857d8b28aaed03:0x71b415d535759367,"Oakland, CA, USA",31138,4674.1058,0:09:00
0x476d079e5136ca9f:0xfdc2e58a51a25b46,"Vienna, Austria",31063,808.1933,0:01:33
0x39190483e58107d9:0xc23abe6ccc7e2462,"Lahore, Punjab, Pakistan",30789,1522.0702,0:02:57
0x89c25370329a0e1d:0xe1bcdc2adcfee473,"Newark, NJ, USA",30440,3574.0476,0:07:02
0x6d322f4863c5ed01:0x500ef8684799945,"Christchurch, New Zealand",30294,2591.4836,0:05:07
0x89de0a34cc4ffb4b:0xe1a16312a0e728c4,"Albany, NY, USA",29545,1471.2719,0:02:59
0x85ce0026db097507:0x54061076265ee841,"Mexico City, CDMX, Mexico",29431,1209.1612,0:02:27
0x87b692b8ddd12e8f:0xe76910c81bd96af7,"Tulsa, OK, USA",29187,2882.6239,0:05:55
0x54aef172e947b49d:0x9a5b989b36679d9b,"Boise, ID, USA",29009,2826.4947,0:05:50
0x39f29937c52d4f05:0x831a0e05f607b270,"Patna, Bihar, India",28662,332.7264,0:00:41
0x47e66e1f06e2b70f:0x40b82c3688c9460,"Paris, France",28605,724.3154,0:01:31
0x885c162246ce42a9:0x7bea92dac4f534c5,"Knoxville, TN, USA",28296,2404.2255,0:05:05
0x89d9f39bbf979a0d:0xd50ce2d7ad9545,"Syracuse, NY, USA",28030,2773.4824,0:05:56
0x5485dc034d3fa75b:0xd28b4898abd598e0,"Surrey, BC, Canada",27469,1935.2175,0:04:13
0x487d857e0c6f64cd:0xbe252b072a76191,"Newcastle upon Tyne, UK",27345,3448.3246,0:07:33
0x3ae253d10f7a7003:0x320b2e4d32d3838d,"Colombo, Sri Lanka",27325,1789.169,0:03:55
0x87badb6ad27f182d:0x9396d5bf74d33d3e,"Wichita, KS, USA",26897,2384.2989,0:05:19
0x882c986c27de778f:0x2b6aee56d8df0e21,"Hamilton, ON, Canada",26570,1779.9226,0:04:01
0x80dcdd0e689140e3:0xa77ab575604a9a39,"Irvine, CA, USA",26385,2826.0127,0:06:25
0x549054ee2b659567:0x62219c07ebb09e82,"Tacoma, WA, USA",25890,2775.0605,0:06:25
0x882ef20ea88d9b0b:0x28c7d7699a056b95,"London, ON, Canada",25849,1260.0908,0:02:55
0x4870b151656e22b7:0x4f660f5564f0689,"Coventry, UK",25730,3685.0416,0:08:35
0x8806536d3a2019ff:0x4e0cfcb5ba484198,"Madison, WI, USA",25153,1622.616,0:03:52
0x80dcdb956c823085:0xc74f843a1f1efdbc,"Santa Ana, CA, USA",25106,2376.0125,0:05:40
0x3ba859af2f971cb5:0x2fc1c81e183ed282,"Coimbatore, Tamil Nadu, India",25081,280.9167,0:00:40
0x809940ae9292a09d:0x40c5c5ce7438f787,"Reno, NV, USA",24860,2332.0978,0:05:37
0x47c5b7605f54c47d:0x5229bbac955e4b85,"Rotterdam, Netherlands",24848,519.0077,0:01:15
0x396c4adf4c57e281:0xce1c63a0cf22e09,"Jaipur, Rajasthan, India",24785,272.6044,0:00:39
0x3e2f03890d489399:0xba974d1c98e79fd5,Riyadh Saudi Arabia,24785,721.4048,0:01:44
0x3962fcad1b410ddb:0x96ec4da356240f4,"Indore, Madhya Pradesh, India",24667,267.0451,0:00:38
0x54ae4c694e97f129:0xae19866371324a52,"Nampa, ID, USA",24275,1959.7457,0:04:50
0x311d6032280d61f3:0x10100b25de24820,"Bangkok, Thailand",24206,1423.0894,0:03:31
0x89b7b69d7ba7a70f:0xf8cf6fc845f6b093,"Arlington, VA, USA",23730,1252.111,0:03:09
0x3e5e440f723ef2b9:0xc7cc2e9341971108,Abu Dhabi - United Arab Emirates,23573,1068.2931,0:02:43
0x4786c1493f1275e7:0x3cffcd13c6740e8d,"Milan, Metropolitan City of Milan, Italy",23389,527.5847,0:01:21
0x549e185c30bbe7e5:0xddfcc9d60b84d9b1,"Spokane, WA, USA",23018,2225.7365,0:05:48
0x88e62b541cba3ce5:0xf5f53be4b1380536,"Ocala, FL, USA",22862,6369.1997,0:16:42
0x87cf62f745c8983f:0x6bfd6cb31e690da0,"Springfield, MO, USA",22838,1203.8695,0:03:09
0x808fbf46b7e8caf7:0x8ada313b89d888d4,"Fremont, CA, USA",22620,2345.441,0:06:13
0x8815e4ddff22814b:0x80077b147642f793,"Fort Wayne, IN, USA",22488,2377.7891,0:06:20
0x864e62d2e40898d3:0xb5ef6ac1fa05351,"Arlington, TX, USA",22397,2577.7866,0:06:54
0x464f8e67966c073f:0x4019078290e7c40,"Gothenburg, Sweden",22378,815.3657,0:02:11
0x86fe12add37ddd39:0x1af0042922e84287,"Lubbock, TX, USA",21977,1080.3796,0:02:56
0x88fb75fc78f20659:0x4e0c6751036020bc,"Savannah, GA, USA",21891,958.0894,0:02:37
0x8640d5b99bebb619:0xe28b28c8077c64c7,"Cypress, TX, USA",21838,1823.5601,0:05:00
0x80c3537de2fdb8f3:0x2867c6788c87c28d,"San Bernardino, CA, USA",21515,2047.2212,0:05:42
0x86685f806192d2b3:0xaed15093890e908f,"Corpus Christi, TX, USA",21437,1843.8483,0:05:09
0x3bd4c0a5a31faf13:0x19b37d06d0bb3e2b,"Nagpur, Maharashtra, India",21362,219.3629,0:00:36
0x808fb7815c08c193:0xe475a47ca3c0bfc0,"Santa Clara, CA, USA",21134,1476.2952,0:04:11
0x8edb3f9784ded2a1:0x24f321bfabb7af40,"Kingston, Jamaica",20836,4212.8644,0:12:07
0x864c21da13c59513:0x62aa036489cd602b,"Plano, TX, USA",20737,1748.6092,0:05:03
0x390cfd5b347eb62d:0x52c2b7494e204dce,"New Delhi, Delhi, India",20555,239.2465,0:00:41
0x89aec2aa39994541:0x32247cd12233502,"Greenville, NC, USA",20417,1013.3997,0:02:58
0x872a55595c22b693:0x386ce373138cfdf0,"Chandler, AZ, USA",20305,1681.9929,0:04:58
0x5495af63c85914f9:0x8456d5112c91e3f3,"Vancouver, WA, USA",20280,1897.1324,0:05:36
0x471ecc669a869f01:0x72f0be2a88ead3fc,"Warsaw, Poland",20178,341.781,0:01:00
0x3397ca03571ec38b:0x69d1d5751069c11f,"Manila, Metro Manila, Philippines",20124,666.5253,0:01:59
0x52b2d4cee4e9379f:0xc87291d23fda2e29,"St Paul, MN, USA",20105,1758.3738,0:05:14
0x390d19d582e38859:0x2cf5fe8e5c64b1e,"Gurugram, Haryana, India",19720,222.9685,0:00:40
0x80d94e4565c3aacf:0x46ccb8734b8f2bd3,"Chula Vista, CA, USA",19684,2163.5968,0:06:35
0x479e75f9a38c5fd9:0x10cb84a7db1987d,"Munich, Germany",18952,337.5026,0:01:04
0x88424429cc9ceb25:0x84f08341908c4fdd,"Lexington, KY, USA",18948,2232.4315,0:07:04
0x88c2e663693aaa41:0x4cc4003bcd48bff,"St. Petersburg, FL, USA",18846,2682.6994,0:08:32
0x884d0c4d6aa966fd:0x249dbecbdbb0989b,"Roanoke, VA, USA",18661,891.1301,0:02:51
0x872b23272d679d37:0x9f14430b838d3b54,"Glendale, AZ, USA",18478,1510.4868,0:04:54
0x47900b9749bea219:0xe66e8df1e71fdc03,"Zürich, Switzerland",18413,349.4022,0:01:08
0x3a1909d2d5170aa5:0xfc580e2b68b33fa8,"Bhubaneswar, Odisha, India",18313,199.6208,0:00:39
0x48795f7ae9c21919:0x8fe0edd83227194f,"Bradford, UK",18257,2842.3697,0:09:20
0x3755b8b087026b81:0x8fa563bbdd5904c2,"Dhaka, Bangladesh",17976,423.7293,0:01:24
0x809053f6f47c5f51:0xbf94ba32c437632b,"Modesto, CA, USA",17647,1857.3722,0:06:18
0x872ba90de045ae43:0x6453ae977fd9ef7e,"Gilbert, AZ, USA",17633,1402.4141,0:04:46
0x39740d857c2f41d9:0x784aef38a9523b42,"Agra, Uttar Pradesh, India",17564,188.888,0:00:38
0x3753f40dc94123a7:0xd0a1263c6c40c8c7,"Agartala, Tripura, India",17562,232.1569,0:00:47
0x486e02d434ec53f5:0x143406db6586670e,"Cardiff, UK",17369,2178.4928,0:07:31
0x80c28633acd51827:0x564a8fe07305d648,"Santa Clarita, CA, USA",17294,1697.8431,0:05:53
0x486c8d530e95ea3d:0x3b282cb5cef58593,"Plymouth, UK",17229,1689.1225,0:05:52
0x809ab8cbe0a2f839:0xca0ceb60d31c08e8,"Elk Grove, CA, USA",17016,1898.5445,0:06:41
0x54bffefcbc4b9c63:0xf93429e08f0357c2,"Salem, OR, USA",16977,1729.318,0:06:06
0x8796be59ca561265:0x633a859b1fd5deb9,"Lincoln, NE, USA",16730,1337.235,0:04:47
0x89d6b3059614b353:0x5a001ffc4125e61e,"Rochester, NY, USA",16568,2897.8548,0:10:29
0x89c250d225bfafdd:0x249f013a2cd25d9,"Jersey City, NJ, USA",16468,2019.3978,0:07:21
0x487832d2390779cd:0x108063201919db15,"Nottingham, UK",16412,2395.591,0:08:45
0x89ba973a5322ca45:0xab99107fce7a1e0a,"Norfolk, VA, USA",16046,2589.8536,0:09:41
0x47bd096f477096c5:0x422435029b0c600,"Frankfurt, Germany",15993,292.5709,0:01:05
0x89ace471120f66f1:0xe17ada898a46f27e,"Durham, NC, USA",15889,2155.0287,0:08:08
0x80e84de61325679f:0x598049c0fa5eb645,"Oxnard, CA, USA",15815,1467.192,0:05:33
0x54c119b0ac501919:0x57ec61894a43894d,"Eugene, OR, USA",15740,1341.7119,0:05:06
0x33a999258dcd2dfd:0x4c34030cdbd33507,"Cebu City,  Cebu, Philippines",15647,397.0551,0:01:31
0x47b161837e1813b9:0x4263df27bd63aa0,"Hamburg, Germany",15313,230.3349,0:00:54
0x80843bc936e647d7:0x5ccd656bc54f4849,"Santa Rosa, CA, USA",15090,1396.4013,0:05:33
0x864c2c75c10c5065:0xf1a21a5dca2b198d,"Lewisville, TX, USA",15064,1089.9567,0:04:20
0x80dd283f9d1dcd8d:0x3909622bd0f8b3a,"Garden Grove, CA, USA",15043,1713.2201,0:06:49
0x872b0898a6aa80e3:0xa2dd4aad392cb41f,"Tempe, AZ, USA",14899,976.7853,0:03:56
0x80c34b8f224409c3:0x78cbf3c11829549b,"Fontana, CA, USA",14872,1360.2357,0:05:29
0x15c3d01fb1137e59:0xe059579737b118db,Jeddah Saudi Arabia,14862,332.662,0:01:20
0x390cf1bb41c50fdf:0xe6f06fd26a7798ba,"Ghaziabad, Uttar Pradesh, India",14830,158.3882,0:00:38
0x86249c4364c5d89b:0xc94a752492f7ff13,"Lafayette, LA, USA",14820,642.3891,0:02:36
0x14caa7040068086b:0xe1ccfe98bc01b0d0,"İstanbul, Türkiye",14719,360.6035,0:01:28
0x8853193f38c77b79:0x93b9c49478be12c8,"Greensboro, NC, USA",14621,2022.1146,0:08:17
0x88deeaeff6c50ead:0xf44a54f9de7e10e0,"Port St. Lucie, FL, USA",14615,1549.3838,0:06:21
0x8830d7958b2efab7:0x29c96c95fd266d04,"Akron, OH, USA",14569,1488.5232,0:06:07
0x4765d692c902cc39:0x3a45249628fbc28a,"Zagreb, Croatia",14441,179.5708,0:00:44
0x88db44a7e78016f5:0xafd1a4163a9b6ff2,"Cape Coral, FL, USA",14420,1475.3123,0:06:08
0x1ef7aa0001bc61b7:0xcca75546c4aa6e81,"Durban, South Africa",14049,2152.128,0:09:11
0x80dca109db19e29b:0xc3fab215a09b3f2c,"Moreno Valley, CA, USA",14011,1389.6528,0:05:57
0x8c03686fe268196f:0xad6b7f0f5c935adc,"San Juan, Puerto Rico",13904,183.9989,0:00:47
0x80c3645a63ddd279:0xd95115925f43476,"Victorville, CA, USA",13875,1889.604,0:08:10
0x80dd2422f9c82ab5:0x45ed85c9a4663b01,"Huntington Beach, CA, USA",13865,1427.9137,0:06:10
0xd422997800a3c81:0xc436dec1618c2269,"Madrid, Spain",13833,336.3085,0:01:27
0x89b111095799c9ed:0xbfd83e6de2423cc5,"Richmond, VA, USA",13802,2117.1752,0:09:12
0x808f9431b601597d:0x70474dec26939c0,"Hayward, CA, USA",13759,1617.5719,0:07:03
0x80d9390226587bd3:0x14724bafa4e62456,"Tijuana, Baja California, Mexico",13721,693.5625,0:03:01
0x883b872dfc1e4e79:0x7c3cc89f453ac345,"Toledo, OH, USA",13714,1896.2398,0:08:17
0x48738957be152909:0xa78c5a6a4cda71f0,"Southampton, UK",13633,1503.3556,0:06:36
0x39eb198a307baabf:0xb5137c1bf18db1ea,"Kathmandu , Nepal",13629,188.5315,0:00:49
0x391a837462345a7d:0x681102348ec60610,"Ludhiana, Punjab, India",13560,191.8944,0:00:50
0x3bc2b8377fbdeab3:0x2c4265dab1a7a0f8,"Pimpri-Chinchwad, Maharashtra, India",13252,137.7762,0:00:37
0x86473147c603385b:0xf1a4808e67c3df5d,"The Woodlands, TX, USA",13231,939.437,0:04:15
0x3e45c534ffdce87f:0x44d9319f78cfd4b1,"Doha, Qatar",13224,473.1647,0:02:08
0x886060408a83e785:0x2471261f898728aa,"Chattanooga, TN, USA",13202,1636.461,0:07:26
0x40b1f93abf3cad4f:0xac0632e37c9ca628,"Bucharest, Romania",13201,219.3854,0:00:59
0x88db420189a85429:0xc62908530aba258a,"Fort Myers, FL, USA",13133,559.5543,0:02:33
0x103b8b2ae68280c1:0xdc9e87a367c3d9cb,"Lagos, Nigeria",13125,1197.2914,0:05:28
0x3be7b9f0b81f13ad:0x3c12f7681185f869,"Navi Mumbai, Maharashtra, India",13089,141.4531,0:00:38
0x80c334dbeadd627b:0x703e35af9583190,"Ontario, CA, USA",13074,1224.3871,0:05:37
0x864e825c1d09f58f:0x3c306f568687f309,"Irving, TX, USA",13047,998.7129,0:04:35
0x864c03c1db5fc275:0x71fbdcb38623cd0,"Garland, TX, USA",12932,1079.1927,0:05:00
0x5490006404f52f5b:0x72449f271b24790,"Everett, WA, USA",12931,1311.7377,0:06:05
0x88626b67cda2898d:0x9a2c7e89c804566b,"Huntsville, AL, USA",12791,1129.7325,0:05:17
0x886c5df6b483d8e7:0xe91a912d8bad33d9,"Bloomington, IN, USA",12771,422.3107,0:01:59
0x872b5ae6de3cc901:0xd3dfa520c130189d,"Peoria, AZ, USA",12768,1061.4339,0:04:59
0x87694a4590f030ad:0xa9b14228b4ab4082,"Fort Collins, CO, USA",12736,567.9763,0:02:40
0x4860fffdd7d08a3b:0x2e57162cefc7c531,"Belfast, UK",12713,1203.751,0:05:40
0x872b08d9a7772c97:0x26d2e412188fe618,"Scottsdale, AZ, USA",12656,979.6485,0:04:38
0x89e7aa8e2c8962bf:0x386a408fc35353b2,"Bloomfield, CT, USA",12609,957.2264,0:04:33
0x89ab134f42924a23:0xa3ab9e7512763b9b,"Fayetteville, NC, USA",12406,2038.5471,0:09:51
0x864c3c1abc09943d:0xcad371b035c8fea2,"Frisco, TX, USA",12324,864.4599,0:04:12
0x872b50449c4f72a3:0x3d108204ce52db2,"Surprise, AZ, USA",12287,831.861,0:04:03
0x5495082476f88863:0x10e0cf158aacbd08,"Beaverton, OR, USA",12034,915.1171,0:04:33
0x88e6202169bf2c2b:0x80e7795d28108d96,"Gainesville, FL, USA",11974,671.7372,0:03:21
0x8853a19b82d6b277:0x50325f54b43f8245,"Winston-Salem, NC, USA",11951,1623.0314,0:08:08
0x32f96d9f519e327f:0xb53a24589f79c573,"Davao City, Davao del Sur, Philippines",11819,261.2422,0:01:19
0x89e24ed668666ca3:0x6b0432461f357179,"Manchester, NH, USA",11787,814.9565,0:04:08
0x470b939c0970798b:0x400af0f66164090,"Prague, Czechia",11771,169.2697,0:00:51
0x47bf259169ab2fe5:0x42760fc4a2a77f0,"Cologne, Germany",11744,151.9141,0:00:46
0x88dd38b2df0f0007:0x29d1320fb8a2d508,"Lakeland, FL, USA",11739,1338.0491,0:06:50
0x864c125aa0745495:0xaa290ada6420a624,"McKinney, TX, USA",11704,752.7555,0:03:51
0x80dcb0b9ea5d606d:0x8998d10fd29252f1,"Corona, CA, USA",11615,958.3107,0:04:57
0x88d9a6172bfeddb9:0x37be1741259463eb,"Miami Beach, FL, USA",11613,433.9004,0:02:14
0x8864ce402ffea7e5:0xab41b10fe905271e,"Clarksville, TN, USA",11604,833.3659,0:04:18
0x88ec8a5187124b53:0xebee077ad4fdb1f8,"Tallahassee, FL, USA",11497,1014.599,0:05:17
0x89baa57a802f6d99:0x4c7b1b1790710b79,"Chesapeake, VA, USA",11496,1030.6446,0:05:22
0x86282b7f90741b21:0x713cde441f038a0,"Jackson, MS, USA",11444,907.9929,0:04:45
0x4b5a211407dbfac1:0x666be3a6438b2ddc,"Halifax, NS, Canada",11334,232.8518,0:01:13
0x5304f6bf47ed992b:0x5049e3295772690,"Saskatoon, SK, Canada",11315,273.9988,0:01:27
0x3e5f5f5fede7964b:0x2a830aa19c1f6d89,Sharjah - United Arab Emirates,11256,237.2705,0:01:15
0x89e8092a96783719:0xdf8bfca7094fcece,"Bridgeport, CT, USA",11205,1297.3057,0:06:56
0x87ee99a4c1611ee7:0x710028512691e4b2,"Des Moines, IA, USA",11187,962.997,0:05:09
0x80dc655e605b7705:0x19ecb3f398f9f87,"Oceanside, CA, USA",11184,964.695,0:05:10
0x80c25784ec70ddb5:0x6a6c792dad12e03a,"Palmdale, CA, USA",11144,1218.916,0:06:33
0x876b816f5cdd72b7:0x9e905dfaf1d0ce97,"Lakewood, CO, USA",11108,608.4076,0:03:17
0x4799db34c1ad8fd3:0x79d5c11c7791cfe4,"Stuttgart, Germany",11106,152.5817,0:00:49
0x390fed0be66ec96b:0xa5ff67f9527319fe,"Chandigarh, India",11062,118.6648,0:00:38
0x6d38b1fc49e974cb:0xa00ef63a213b470,"Wellington, New Zealand",11031,486.3164,0:02:38
0x5485962ef2458717:0xd57a9ca9cd39e0f0,"Bellingham, WA, USA",11029,591.3598,0:03:13
0x89e7d8443a8070e5:0xf6a354c659b264ed,"New Haven, CT, USA",11029,1138.5458,0:06:11
0x80c35bf938112791:0xad6a7aad82f2f34b,"Rancho Cucamonga, CA, USA",11018,1042.6445,0:05:40
0x89e7c0ef7ce543e5:0x7fa6b126f829817,"Waterbury, CT, USA",10947,1542.6846,0:08:27
0x80dbf35e81c2437b:0x1d1c80f7796c5df,"Escondido, CA, USA",10846,966.0207,0:05:20
0x87b263b67f93eee7:0x445b233faba85cf8,"Norman, OK, USA",10817,492.1225,0:02:43
0x5495055f56bce579:0x7d29ff866a33ed86,"Hillsboro, OR, USA",10771,758.8645,0:04:13
0x390ce5a43173357b:0x37ffce30c87cc03f,"Noida, Uttar Pradesh, India",10748,121.7323,0:00:40
0x80c2c032c8f083a9:0xe53fa19efec926a6,"Glendale, CA, USA",10741,1143.4403,0:06:23
0x52c8cb8d84677145:0x81aa30a52791aaca,"Fargo, ND, USA",10657,647.5774,0:03:38
0x8863f80e5b170141:0x850cb92ad6b577f6,"Murfreesboro, TN, USA",10613,525.1358,0:02:58
0x8822c01c7f318c37:0x4378b62389029d9e,"Lansing, MI, USA",10566,609.8073,0:03:27
0x47c5b72f4298bd71:0x400de5a8d1e6c10,"The Hague, Netherlands",10560,225.4663,0:01:16
0x8644d1a4ed2d22e7:0x7217259ede04b10,"Round Rock, TX, USA",10560,604.1274,0:03:25
0x809b1f65623c1879:0x22af4a52ba493999,"Roseville, CA, USA",10523,882.2535,0:05:01
0x4876360018f62c49:0x33fa5303edefd681,"Luton, UK",10476,1373.4271,0:07:51
0x475a7aa3d7b53fbd:0x1db8645cf2177ee4,"Belgrade, Serbia",10410,129.6744,0:00:44
0x1e953eea59df60f3:0x619c7f175429a6e0,"Benoni, South Africa",10361,2328.8657,0:13:29
0x531c1e40fba53deb:0x354a3296b77b54b1,"Regina, SK, Canada",10317,240.2846,0:01:23
0x465305a574c491ff:0xd3a905dfbd4888e5,"Malmö, Sweden",10180,234.2949,0:01:22
0x80c25ab168e88041:0x58c472cf7d0b3e07,"Lancaster, CA, USA",10171,1169.0055,0:06:53
0x89b07b82704d56d9:0xec7e55ec03c8cb1b,"Newport News, VA, USA",10136,1252.0537,0:07:24
0x808fb645a9d05d3b:0x768dfb26dd7cc3a2,"Sunnyvale, CA, USA",10027,775.1518,0:04:38
0x4879e43286a4caa7:0x5fc9de954e36df,"Derby, UK",9949,1333.389,0:08:02
0x884f2cce88145d39:0x7661a84704c91b0b,"Charleston, WV, USA",9949,1012.5124,0:06:06
0x1e7b290045ffd62b:0x86fd2337cd894226,"Gqeberha, South Africa",9945,1919.0493,0:11:34
0x878eb498e0bdacd7:0xde95ff3aa8b2fccf,"Sioux Falls, SD, USA",9869,503.7511,0:03:03
0x54906bcfa3a66041:0xbacf5482ead00765,"Bellevue, WA, USA",9811,900.6075,0:05:30
0x80dcd96a47bfb5a3:0x4ba7e4f8e9fcd243,"Westminster, CA, USA",9768,1147.2964,0:07:02
0x47c3f68ebfc3887d:0x3eaf448482a88ab8,"Antwerp, Belgium",9760,183.0249,0:01:07
0x870148d4b245cf03:0xd0f3d11c6836d2af,"Amarillo, TX, USA",9751,520.6801,0:03:12
0x88d9012720facaf5:0x7602be7540bf8ebe,"Fort Lauderdale, FL, USA",9729,1292.6296,0:07:58
0x317529292e8d3dd1:0xf15f5aad773c112b,"Ho Chi Minh City, Vietnam",9703,344.3721,0:02:07
0x38dfbfd07891722f:0x6059515c3bdb02b6,"Islamabad, Islamabad Capital Territory, Pakistan",9685,160.917,0:00:59
0x882bf48c03ee5105:0x9525f8e6df5f544b,"Kitchener, ON, Canada",9669,295.1435,0:01:49
0x86243867325f74cb:0x2123f1db91579a1d,"Baton Rouge, LA, USA",9628,1441.0275,0:08:58
0x549058122dce6c0d:0x5d47c86dbf15005a,"Kent, WA, USA",9515,805.8545,0:05:04
0x4741c334d1d4cfc9:0x400c4290c1e1160,"Budapest, Hungary",9506,155.9497,0:00:59
0x151d4ca6193b7c1f:0xc1fb72a2c0963f90,"Tel Aviv-Yafo, Israel",9426,132.7726,0:00:50
0x1e957398cbf40517:0xdf8bd21bf1eb74c,"Sandton, South Africa",9359,1743.0225,0:11:10
0x864c4ca0c088b1d1:0x724474cb4814fb1b,"Denton, TX, USA",9279,410.1963,0:02:39
0xd19331a61e4f33b:0x400ebbde49036d0,"Lisbon, Portugal",9279,174.0858,0:01:07
0x80dd4ad158b3ded3:0xad4bd36e4e0a661e,"Torrance, CA, USA",9202,1018.459,0:06:38
0x12a49816718e30e5:0x44b0fb3d4f47660a,"Barcelona, Spain",9200,205.7259,0:01:20
0x3a39431389e6973f:0x92d9c20395498468,"Visakhapatnam, Andhra Pradesh, India",9199,94.6599,0:00:37
0x8094d882d3eb8729:0x5592e3ee010b480e,"Visalia, CA, USA",9184,666.3559,0:04:21
0x80c2d386557a87f7:0x27a87d47c140245a,"Whittier, CA, USA",9108,778.4859,0:05:07
0x88f8a5697931d1e3:0xf32808f4b379fa96,"Columbia, SC, USA",9105,1423.4069,0:09:22
0x132f6196f9928ebb:0xb90f770693656e38,"Rome, Metropolitan City of Rome Capital, Italy",9099,164.0711,0:01:04
0x88c2cddacfe8391f:0x60809ae315afa093,"Brandon, FL, USA",9073,826.4676,0:05:27
0x809ad3cad48639f1:0x118040a556d94040,"West Sacramento, CA, USA",9051,1947.098,0:12:54
0x80db7d3fc502f2f1:0x12d42ef99dd4ed8f,"Murrieta, CA, USA",9026,763.7351,0:05:04
0x54c57a231cfb16a5:0xcba25ba08e5112d4,"Grants Pass, OR, USA",8894,441.9661,0:02:58
0x39e44114f5441dcd:0xdeb5c4702063edff,"Siliguri, West Bengal, India",8883,102.3109,0:00:41
0x89c3d37f68bea199:0xf22bc5a66f83d4ea,"Edison, NJ, USA",8874,424.324,0:02:52
0x48758fcdbd9652c7:0xe5a533ffaa580f56,"Brighton and Hove, UK",8757,900.0273,0:06:10
0x3396f286eed2e61f:0x3ded82248ad9b436,"Angeles, Pampanga, Philippines",8723,152.3946,0:01:02
0x88de0d3474edb837:0xb256832a4d2d844e,"Palm Bay, FL, USA",8645,851.5627,0:05:54
0x88c2f1fde274bb19:0x75a9dfd1d23c92fb,"Clearwater, FL, USA",8643,751.9843,0:05:13
0x3bcb84ad48255d29:0x410841a999b3433,"Secunderabad, Telangana, India",8636,90.4142,0:00:37
0x1ef6bdd89a970233:0xd8129bf7d1ab70cd,"Pietermaritzburg, South Africa",8621,1613.314,0:11:13
0x8094509400e4cfe5:0x4e3d0a6140649c9d,"Clovis, CA, USA",8608,583.0806,0:04:03
0x9662c5410425af2f:0x8475d53c400f0931,"Santiago, Santiago Metropolitan Region, Chile",8601,113.9885,0:00:47
0x886ba0482c86c951:0x58993e182463d752,"Columbus, IN, USA",8588,181.6361,0:01:16
0x14a1bd1f067043f1:0x2736354576668ddd,"Athens, Greece",8584,162.0589,0:01:07
0xfdf9084b2b7a773:0xbed14ed8650e2dd3,"Accra, Ghana",8562,991.6691,0:06:56
0x80c2d2cc0c2ff1d3:0xa7d20fe96f734484,"Norwalk, CA, USA",8544,655.5171,0:04:36
0x86454b8fc898535d:0x794b81f7d1633fda,"Killeen, TX, USA",8493,922.5353,0:06:31
0x3be7b8fcfe76fd59:0xcf367d85f7c50283,"Thane, Maharashtra, India",8385,88.7154,0:00:38
0x80dd2a74c381cb63:0xf59c53811e60ea4a,"Fullerton, CA, USA",8369,607.8369,0:04:21
0x808514d0f123c8db:0x5c335616d29bf368,"Fairfield, CA, USA",8329,851.7543,0:06:08
0x487a11520fae440d:0xf1cdcd2f02caee04,"Stoke-on-Trent, UK",8319,1096.8336,0:07:54
0x86472491556d3b49:0xe6352b9b1dad110e,"Conroe, TX, USA",8309,401.1205,0:02:53
0x89e406585a2a8b0d:0x9e137dd87fca4d6d,"Worcester, MA, USA",8264,746.3052,0:05:25
0x3e361d32276b3403:0xefd901ec7a5e5676,Dammam Saudi Arabia,8196,120.4011,0:00:52
0x487704236e4aa273:0xcdf495d0d9e86209,"Northampton, UK",8152,1106.3907,0:08:08
0x54cf7c5b37361f6d:0x7db736c5541136e,"Medford, OR, USA",8112,484.1462,0:03:34
0x391e84bf169d3525:0xf233488eeb8fd8d,Jammu,8100,87.1028,0:00:38
0x80c2c2dc38330b51:0x52b41161ad18f4a,"Pasadena, CA, USA",8082,784.5532,0:05:49
0x89d4d5efa0324ca9:0xf73d52812cb23d63,"Markham, ON, Canada",8073,299.0379,0:02:13
0x8085119732ce0709:0x95933f02a8c61639,"Vallejo, CA, USA",8064,1050.3897,0:07:48
0x80dcd0a96b758aaf:0x22624f7280efd4be,"Orange, CA, USA",8053,605.7894,0:04:30
0x864c212bbbdd571f:0x9c1efd49b3841d5d,"Carrollton, TX, USA",8037,450.641,0:03:21
0x89b64047261665e5:0x63dfafe8a871ae9f,"Reston, VA, USA",7996,538.8795,0:04:02
0x1e959fc44e94e52b:0x21e34710a49d1963,"Roodepoort, South Africa",7983,1603.7479,0:12:03
0x548677a8219c8373:0xdd0a72738752b169,"Burnaby, BC, Canada",7963,275.0971,0:02:04
0x808df8964e61722f:0xa511bb11baed8121,"Salinas, CA, USA",7945,498.0762,0:03:45
0x880ee54d4ed5111b:0x7fd1f848c350e85d,"Aurora, IL, USA",7913,407.1491,0:03:05
0x6b164ca3b20b34bb:0x400ea6ea7695970,"Canberra ACT, Australia",7895,257.5105,0:01:57
0x882b268883243a77:0xdd95317585aa054b,"Vaughan, ON, Canada",7880,231.9233,0:01:45
0x48742078d93d3db7:0x2ae19f7fcefa7994,"Reading, UK",7843,807.66,0:06:10
0x8875391d24dbd177:0xe72c82eecca86d22,"Springfield, IL, USA",7832,555.131,0:04:15
0x80c32def799fa121:0x5209947000caa933,"Pomona, CA, USA",7827,560.782,0:04:17
0x88c29e37215440a1:0x96d839eb30e182b8,"Spring Hill, FL, USA",7799,751.9436,0:05:47
0x549575e85d2e60bb:0x9fc30a18adce5d2f,"Gresham, OR, USA",7774,672.7789,0:05:11
0x31cc4d8b932abdc7:0x6e65e085abb091c5,"Shah Alam, Selangor, Malaysia",7772,171.038,0:01:19
0x47d8077dccaa4605:0xaefe2de1d96d8dd5,"Peterborough, UK",7718,988.9628,0:07:41
0x80e82e6c5b563301:0xf4e0598e94d3434d,"Simi Valley, CA, USA",7696,639.9898,0:04:59
0x47d6208f7c0160ad:0x6d447e9d82f130ff,"Hull, UK",7688,993.3342,0:07:45
0x808560ac69c4cc85:0xe416004961fffef,"Concord, CA, USA",7677,619.1453,0:04:50
0x487663427e9e92a9:0xb16ca352b90b0206,"Slough, UK",7647,851.1122,0:06:40
0x88f508ebdb5f57ab:0xc3db0f7dcd03069a,"Lawrenceville, GA, USA",7615,723.3501,0:05:41
0x88fe7a42dca82477:0x35faf7e0aee1ec6b,"Charleston, SC, USA",7571,549.6661,0:04:21
0x8660c06ca7f93d25:0xb4407a5349567491,"Laredo, TX, USA",7554,373.5945,0:02:58
0x80db6402c4739eb7:0x75c5a9b3a8edfe0f,"Menifee, CA, USA",7542,608.3772,0:04:50
0x3b05bbb805bbcd47:0x15439fab5c5c81cb,"Thiruvananthapuram, Kerala, India",7488,79.3906,0:00:38
0x8808b9cdfd0300db:0xacad897828f6780,"Rockford, IL, USA",7457,699.3422,0:05:37
0x86de1ac745069869:0x636dd01df13f32bd,"Las Cruces, NM, USA",7444,552.312,0:04:27
0x864e85f4b2870675:0x5b6a119ea7f620f2,"Grand Prairie, TX, USA",7441,836.188,0:06:44
0x86f9613991a5d10f:0x4715ede17f061bf9,"Midland, TX, USA",7364,249.5116,0:02:01
0x549e235fb0cf06af:0xdae7a00670e4f06,"Spokane Valley, WA, USA",7333,447.2394,0:03:39
0x880b087039089ac1:0x2e424aa54a23bc1e,"Bloomington, IL, USA",7332,583.4325,0:04:46
0x1e9574b0839fe795:0x4443ba51b0acaf0d,"Randburg, South Africa",7318,1308.8539,0:10:43
0x864c172e4d9479bd:0xcae82aa992de2cd5,"Allen, TX, USA",7303,340.8636,0:02:48
0x47d8a1494a4cce5b:0xd4405940c0cf45ab,"Ilford, UK",7290,801.365,0:06:35
0x46dd93fb5c6408f5:0x400d18c70e9dc40,"Vilnius, Vilnius City Municipality, Lithuania",7288,115.5159,0:00:57
0x883b2ac1b54f886b:0xb66cd49527fcdc51,"Windsor, ON, Canada",7228,183.2576,0:01:31
0x88de0e2c4771994d:0x8bcdb254a90cd2a8,"Melbourne, FL, USA",7208,486.2921,0:04:02
0x876c65534dd3ee71:0xcd7854dd18c9f55c,"Thornton, CO, USA",7207,272.3469,0:02:16
0x6d6d227487a63621:0x500ef6143a29903,"Hamilton, New Zealand",7192,339.2553,0:02:49
0x87528cddfa3588b3:0xf57b74998d78ace5,"West Valley City, UT, USA",7187,273.4546,0:02:16
0x872d28d400717ceb:0x9a43de752eefedd,"Prescott, AZ, USA",7139,494.182,0:04:09
0x80d66287214dadd9:0xcfa93a07f59e4258,"Yuma, AZ, USA",7138,574.7127,0:04:49
0x89e7ce9dad067a5d:0x7afcd15cf4aef2b0,"Wallingford, CT , USA",7071,847.4381,0:07:11
0x8640de10e11b70cb:0x2779e11b2263d8cc,"Sugar Land, TX, USA",7064,586.1327,0:04:58
0x487080d43225d7fd:0x526da09547380126,"Wolverhampton, UK",7044,952.8413,0:08:06
0x874d9271930bf1bf:0x1d90f12600b556ef,"Provo, UT, USA",7026,176.607,0:01:30
0x88c337e69db2c22b:0xe335341d1d5715d9,"Sarasota, FL, USA",6994,598.6968,0:05:08
0x80db6252f51abe23:0x68bc0e88a03806a8,"Temecula, CA, USA",6984,417.9712,0:03:35
0x5354594e739512b5:0x2311c9fc094c49c9,"Idaho Falls, ID, USA",6969,271.1824,0:02:20
0x88f58523717bebd7:0x1f85f06242e1c19d,"Cumming, GA, USA",6940,392.2886,0:03:23
0x89d51d21ccd37533:0xdd8ceff2f844fcbf,"Oshawa, ON, Canada",6917,175.8655,0:01:31
0x4844900891beb961:0xa00c7a99731c5d0,"Cork, Ireland",6876,376.1409,0:03:16
0x864c1ee979bea767:0x2cdb29c046270495,"Richardson, TX, USA",6862,274.0773,0:02:23
0x397c428f8fd68fbd:0x2155716d572d4f8,"Bhopal, Madhya Pradesh, India",6839,70.0615,0:00:36
0x80e8255670288891:0x8d2e7a0147cc2e26,"Thousand Oaks, CA, USA",6837,458.5992,0:04:01
0x88f9d097160baa41:0x3ee78afde3aa0be4,"Augusta, GA, USA",6831,1087.4743,0:09:33
0x487b0629dc3b1c93:0xcaa40cfafe557822,"Bolton, UK",6799,919.3211,0:08:06
0x808f7bfb84de63c9:0x2cb4e0db0e13fa57,"Daly City, CA, USA",6789,805.4171,0:07:07
0x89c2c0080943afa1:0xbe967384a4d8daa2,"Yonkers, NY, USA",6684,782.3962,0:07:01
0x808565e0f15c8c29:0xb3101633da15bff4,"Richmond, CA, USA",6660,615.7839,0:05:32
0x390578e3e35d6e67:0x1f7e7ff6ff9f54b7,"Shimla, Himachal Pradesh, India",6633,69.4441,0:00:37
0x80db6437859615a9:0x693c76f668b570c2,"Hemet, CA, USA",6626,599.2209,0:05:25
0x8644d5fd54dafbdf:0x61ec34de94c03a09,"Georgetown, TX, USA",6624,371.7322,0:03:22
0x88d9a96fc7ff31a7:0x7d77abe75b7b868,"Hollywood, FL, USA",6617,600.585,0:05:26
0x46b54afc73d4b0c9:0x3d44d6cc5757cf4c,"Moscow, Russia",6583,77.0745,0:00:42
0x53486f8888fa9d97:0x373556d4f179b550,"Billings, MT, USA",6560,266.1556,0:02:26
0x80ca44d0984939e5:0x531707f2f8a11c1e,"St. George, UT, USA",6528,285.9479,0:02:37
0x888ccd1b583531f5:0x728c50a9eee10361,"Columbus, GA, USA",6525,855.5141,0:07:52
0x80c35d0ec347107f:0x703e35af9583a20,"Hesperia, CA, USA",6517,632.4178,0:05:49
0x876b881ea2597f9f:0xa8cf57703f744417,"Westminster, CO, USA",6496,239.5729,0:02:12
0x89e65311f21151a5:0xcc8e4aa8e97d5999,"Hartford, CT, USA",6479,641.3869,0:05:56
0x54910b5c3e02b575:0x14d5b5f61ad5bb0e,"Lacey, WA, USA",6419,387.1516,0:03:37
0x2dd7fbf8381ac47f:0x3027a76e352be40,"Surabaya, East Java, Indonesia",6416,98.5875,0:00:55
0x1e957b0df5954b27:0x474f6dba7062227f,"Centurion, South Africa",6356,1150.6239,0:10:51
0x89c439929f4adce1:0xeaf9df4b246824a1,"Allentown, PA, USA",6319,614.2573,0:05:49
0x6bd5f029558a6497:0x400eef17f2081b0,"Townsville QLD, Australia",6312,234.1348,0:02:13
0x88f510968647065d:0xb18756c6328ee981,"Marietta, GA, USA",6305,474.8387,0:04:31
0x80831f8dfc236487:0x308eeb8f793a4538,"Chico, CA, USA",6245,294.8989,0:02:49
0x88598ca93c0f6f09:0x94ef31c106343a5d,"Asheville, NC, USA",6232,303.1187,0:02:55
0x38e1855686e3c5ef:0x66244b7cc1e305c6,Srinagar,6228,67.5666,0:00:39
0x8824df5dbcedcfeb:0x85542cfd06a6e1f1,"Clinton Twp, MI, USA",6223,361.5548,0:03:29
0x54d291d63b4a202f:0x1f3358ec7b360f57,"Redding, CA, USA",6221,377.4912,0:03:38
0x88c3164fdea682f1:0xfa9d3b7d4ef1fd5a,"Bradenton, FL, USA",6204,458.5475,0:04:26
0x357ca28b61c565cd:0x858aedb4e4ea83eb,"Seoul, South Korea",6193,88.5761,0:00:51
0x8085576395afa0d5:0x56a463c2c947559,"Antioch, CA, USA",6165,662.7649,0:06:27
0x86405890a6fe33a9:0xcabb7507f4a5ccee,"Pearland, TX, USA",6164,465.5139,0:04:31
0x876b88bf184901ff:0x1f855e310a07f8ec,"Arvada, CO, USA",6157,215.4009,0:02:05
0x48761158a02507f9:0x24d74f8999e25bd9,"Harrow, UK",6146,642.4902,0:06:16
0x883cb00dd4431f33:0xdb09f94686c8b5e2,"Ann Arbor, MI, USA",6138,241.4702,0:02:21
0x88c2b0ddf8a16433:0xeffd9fcf6db33e5a,"Wesley Chapel, FL, USA",6125,435.5036,0:04:15
0x80993ed409896c93:0xf189599a50856df9,"Sparks, NV, USA",6105,297.0408,0:02:55
0x1c0b1b5cb30c01ed:0xe4b84940cc445d3b,"Windhoek, Namibia",6086,1013.4325,0:09:59
0x89e6e62c08e4b81f:0x1d1808da41b9aabd,"Springfield, MA, USA",6079,776.6092,0:07:39
0x87dcabf3bb8182c9:0xa011692dbabd6f20,"Columbia, MO, USA",6078,250.2585,0:02:28
0x4871444f3ddbe4e5:0xa556bf37e9c5949a,"Swindon, UK",6057,621.0939,0:06:09
0x89e444e0437e735d:0x69df7c4d48b3b627,"Providence, RI, USA",6045,561.3641,0:05:34
0x390db00b8670400b:0x9efbd3cd589b645e,"Sonipat, Haryana, India",6034,63.2327,0:00:37
0x549008cc03bb6f23:0xcd42b24716babb9f,"Renton, WA, USA",6013,526.2929,0:05:15
0x866f7f6bc3fc6519:0xb1df1a694856522c,"Brownsville, TX, USA",6008,242.3845,0:02:25
0x80dca1d2aacc01ff:0x3af37d5bccbc9f28,"Perris, CA, USA",5968,420.2831,0:04:13
0x87b6623d6eab4e11:0x2825ab3846a6265c,"Broken Arrow, OK, USA",5956,185.7949,0:01:52
0x880e456bec363d7d:0x9f9e66f7a36bc042,"Joliet, IL, USA",5946,262.4686,0:02:38
0x3e91ffa8879aafc9:0xdb53876d0d79a72c,"Muscat, Oman",5923,98.2868,0:00:59
0x87f75f4ba35f2c4b:0xf0951c175661c63d,"Rochester, MN, USA",5919,298.432,0:03:01
0x94ce448183a461d1:0x9ba94b08ff335bae,"São Paulo, State of São Paulo, Brazil",5910,91.2458,0:00:55
0x80c333293d7c8927:0x3fdade98a0dd6785,"Chino, CA, USA",5897,406.9576,0:04:08
0x87ca4cba8eb3768f:0xefb5b7d2152bfa8a,"Fort Smith, AR, USA",5896,189.2609,0:01:55
0x882d7fe13db2f71f:0x89f3ae2e121d5b0a,"Erie, PA, USA",5881,532.6254,0:05:26
0x89d30c9f9c3ba78b:0x19de2cf5e45e6032,"Cheektowaga, NY, USA",5880,174.5292,0:01:46
0x864f82f1230151d3:0xfbd74b03d6d1aa10,"Waco, TX, USA",5863,411.6707,0:04:12
0x8824d083185a6a51:0xd55ef45fe74082c2,"Warren, MI, USA",5863,511.0953,0:05:13
0x88f517173d18a0fd:0x9d4c3024f39900f7,"Woodstock, GA, USA",5851,251.2016,0:02:34
0x87528ef8ed5eba6f:0x7229563bc344160,"West Jordan, UT, USA",5841,163.4186,0:01:40
0x46929499df5616bf:0x400b36d18fc6270,"Tallinn, Estonia",5837,73.8241,0:00:45
0x46eecfb0e5073ded:0x400cfcd68f2fe30,"Riga, Latvia",5835,92.5057,0:00:57
0x54905817fd0d36db:0xd4d9d813280ec095,"Federal Way, WA, USA",5835,517.39,0:05:19
0x87bf02e4daec7a29:0xbe2be7d06ae3a7f0,"Topeka, KS, USA",5804,363.9694,0:03:45
0x872a4ecae0bd15ad:0x58dfdb4271bf76ea,"San Tan Valley, AZ, USA",5780,229.0056,0:02:22
0x54b8c0ffa5d3d251:0x1088e7acc720d1b4,"Bend, OR, USA",5774,330.6579,0:03:26
0x89a9f5a20debaed5:0x5e66493884093032,"Wilmington, NC, USA",5762,234.2232,0:02:26
0x80c2a4cec2910019:0xb4170ab5ff23f5ab,"Santa Monica, CA, USA",5751,505.9638,0:05:16
0x884080d5aedd1403:0xa640e392f20e4ce4,"Dayton, OH, USA",5751,1009.3417,0:10:31
0x809014590a55994d:0xe8466f79e0af1499,"Tracy, CA, USA",5746,407.8744,0:04:15
0x88f51549a6182ce5:0x7f6582bc0c20bc3f,"Acworth, GA, USA",5718,470.1218,0:04:55
0x88dd841a37150be7:0x94e7cd9711fdc20d,"Kissimmee, FL, USA",5704,497.1199,0:05:13
0x8871d5133156772d:0xb52e4939112ac99d,"Evansville, IN, USA",5697,481.0589,0:05:03
0x8646848619463ca3:0xc969c74db6bf6ac9,"College Station, TX, USA",5696,100.7949,0:01:03
0x487398a0b1a067fd:0x3b2ee0156ba92c94,"Bournemouth, UK",5676,533.6245,0:05:38
0x808fd1e73ae62a5f:0x7863e1c0ad3aa527,"Milpitas, CA , USA",5674,614.7647,0:06:30
0x864dd6e03178d70f:0xb9151050cbdd73b2,"Keller, TX, USA",5645,202.2666,0:02:08
0x88e6943690c777a3:0xa6f75656c8965c92,"Palm Coast, FL, USA",5643,519.5183,0:05:31
0x8713a2f3071bb165:0xa82d6ba368c7b82e,"Pueblo, CO, USA",5616,405.942,0:04:20
0x88f66d19b4b433b9:0x4d747202d69d617c,"Athens, GA, USA",5598,291.9559,0:03:07
0x80e9ad155097394d:0x24eff57c367aeae8,"Ventura, CA, USA",5592,411.7712,0:04:25
0x4884054c1fd77549:0xe8bb05da5cf4c472,"Aberdeen, UK",5586,537.797,0:05:46
Showing top 500 results,,,,